file_id,id,time,jd,mjd,ra_hours,dec_degs,x,y,telescope,filter,exp_length,mag,mag_error,zero_point,flux,flux_error,pm_sky,pm_epoch,pm_pos_angle_sky,zero_point_correction,zero_point_error,calibrated_zero_point,calibrated_mag
2349824,SRC12,2026-04-21 16:45:06.000,2461151.8646527776,61151.364652777556,15.151357725347786,-42.704959386537695,547.7599455045457,534.0370773023636,Prompt2,Open,20,7.273233797128427,0.0006948663203191103,20,2464543.4365235255,1577.8016277158126,,2026-04-22 17:30:41.000,,,,,
2349824,SRC13,2026-04-21 16:45:06.000,2461151.8646527776,61151.364652777556,15.153823941603674,-42.69672515286701,500.7147891600757,699.8030174773787,Prompt2,Open,20,9.115833980202998,0.0016419340059685783,20,451540.1818825122,683.3704721708083,,2026-04-22 17:30:41.000,,,,,
2349824,SRC14,2026-04-21 16:45:06.000,2461151.8646527776,61151.364652777556,15.150610363904706,-42.748876029119,813.2568323774975,479.4874247729388,Prompt2,Open,20,9.325963496364347,0.001814461915653447,20,372087.0858824568,622.3448171872403,,2026-04-22 17:30:41.000,,,,,
2349824,SRC15,2026-04-21 16:45:06.000,2461151.8646527776,61151.364652777556,15.149615421498742,-42.66221863973579,286.5284360690954,421.97171585507783,Prompt2,Open,20,9.64532325846972,0.002113465366982827,20,277268.60173386254,540.2493704239401,,2026-04-22 17:30:41.000,,,,,
2349825,SRC12,2026-04-21 16:21:59.000,2461151.848599537,61151.34859953681,15.151357725347786,-42.704959386537695,547.7599455045457,534.0370773023636,Prompt2,Open,20,7.270497755033878,0.0006939394212836534,20,2470761.8880739845,1579.6720300798818,,2026-04-22 17:30:41.000,,,,,
2349825,SRC13,2026-04-21 16:21:59.000,2461151.848599537,61151.34859953681,15.153823941603674,-42.69672515286701,500.7147891600757,699.8030174773787,Prompt2,Open,20,9.100704981256097,0.0016293652394094179,20,457876.1296680577,687.6509446012143,,2026-04-22 17:30:41.000,,,,,
2349825,SRC14,2026-04-21 16:21:59.000,2461151.848599537,61151.34859953681,15.150610363904706,-42.748876029119,813.2568323774975,479.4874247729388,Prompt2,Open,20,9.295129582397799,0.0017870436196744128,20,382805.4945188716,630.5890916203014,,2026-04-22 17:30:41.000,,,,,
2349825,SRC15,2026-04-21 16:21:59.000,2461151.848599537,61151.34859953681,15.149615421498742,-42.66221863973579,286.5284360690954,421.97171585507783,Prompt2,Open,20,9.627355611378402,0.0020940737032103095,20,281895.2455482853,544.2197221649153,,2026-04-22 17:30:41.000,,,,,
2349826,SRC12,2026-04-21 16:16:43.000,2461151.8449421297,61151.34494212968,15.151357725347786,-42.704959386537695,547.7599455045457,534.0370773023636,Prompt2,Open,20,7.256490314021253,0.0006895339640230068,20,2502844.5116716763,1590.0219767513888,,2026-04-22 17:30:41.000,,,,,
2349826,SRC13,2026-04-21 16:16:43.000,2461151.8449421297,61151.34494212968,15.153823941603674,-42.69672515286701,500.7147891600757,699.8030174773787,Prompt2,Open,20,9.120698375799579,0.0016446499029712284,20,449521.6832738699,681.4417854435338,,2026-04-22 17:30:41.000,,,,,
2349826,SRC14,2026-04-21 16:16:43.000,2461151.8449421297,61151.34494212968,15.150610363904706,-42.748876029119,813.2568323774975,479.4874247729388,Prompt2,Open,20,9.319660330954651,0.0018082055134553258,20,374253.4937503971,623.8081202014602,,2026-04-22 17:30:41.000,,,,,
2349826,SRC15,2026-04-21 16:16:43.000,2461151.8449421297,61151.34494212968,15.149615421498742,-42.66221863973579,286.5284360690954,421.97171585507783,Prompt2,Open,20,9.651513331962143,0.0021185673374568693,20,275692.3167039189,538.4760572479732,,2026-04-22 17:30:41.000,,,,,
2349827,SRC12,2026-04-21 16:10:07.000,2461151.840358796,61151.340358796064,15.151357725347786,-42.704959386537695,547.7599455045457,534.0370773023636,Prompt2,Open,20,7.260697041337767,0.000690854565585348,20,2493165.905068412,1586.9077072428688,,2026-04-22 17:30:41.000,,,,,
2349827,SRC13,2026-04-21 16:10:07.000,2461151.840358796,61151.340358796064,15.153823941603674,-42.69672515286701,500.7147891600757,699.8030174773787,Prompt2,Open,20,9.13313015390319,0.0016546234045705416,20,444403.97422385897,677.7721881714413,,2026-04-22 17:30:41.000,,,,,
2349827,SRC14,2026-04-21 16:10:07.000,2461151.840358796,61151.340358796064,15.150610363904706,-42.748876029119,813.2568323774975,479.4874247729388,Prompt2,Open,20,9.321397664793103,0.0018091873634543312,20,373655.11329290457,623.1492019657031,,2026-04-22 17:30:41.000,,,,,
2349827,SRC15,2026-04-21 16:10:07.000,2461151.840358796,61151.340358796064,15.149615421498742,-42.66221863973579,286.5284360690954,421.97171585507783,Prompt2,Open,20,9.64981567879115,0.0021153468869614476,20,276123.72539173154,538.4980536777219,,2026-04-22 17:30:41.000,,,,,
2349828,SRC12,2026-04-21 16:03:34.000,2461151.8358101854,61151.33581018541,15.151357725347786,-42.704959386537695,547.7599455045457,534.0370773023636,Prompt2,Open,20,7.241161482755608,0.0006846466281207587,20,2538431.2321401467,1601.1959859978508,,2026-04-22 17:30:41.000,,,,,
2349828,SRC13,2026-04-21 16:03:34.000,2461151.8358101854,61151.33581018541,15.153823941603674,-42.69672515286701,500.7147891600757,699.8030174773787,Prompt2,Open,20,9.116256464763758,0.001640766392400796,20,451364.5115464183,682.6184718680893,,2026-04-22 17:30:41.000,,,,,
2349828,SRC14,2026-04-21 16:03:34.000,2461151.8358101854,61151.33581018541,15.150610363904706,-42.748876029119,813.2568323774975,479.4874247729388,Prompt2,Open,20,9.31813710598091,0.0018063587312122415,20,374778.9181969066,624.0453590808313,,2026-04-22 17:30:41.000,,,,,
2349828,SRC15,2026-04-21 16:03:34.000,2461151.8358101854,61151.33581018541,15.149615421498742,-42.66221863973579,286.5284360690954,421.97171585507783,Prompt2,Open,20,9.641313437367447,0.0021069476883485093,20,278294.4983100082,540.574445408567,,2026-04-22 17:30:41.000,,,,,
2349829,SRC12,2026-04-21 15:57:56.000,2461151.831898148,61151.33189814817,15.151357725347786,-42.704959386537695,547.7599455045457,534.0370773023636,Prompt2,Open,20,7.2515118588361265,0.0006879354702001952,20,2514347.223073159,1593.6253478369456,,2026-04-22 17:30:41.000,,,,,
2349829,SRC13,2026-04-21 15:57:56.000,2461151.831898148,61151.33189814817,15.153823941603674,-42.69672515286701,500.7147891600757,699.8030174773787,Prompt2,Open,20,9.116773536763835,0.0016416326534558813,20,451149.60447773803,682.6539553201653,,2026-04-22 17:30:41.000,,,,,
2349829,SRC14,2026-04-21 15:57:56.000,2461151.831898148,61151.33189814817,15.150610363904706,-42.748876029119,813.2568323774975,479.4874247729388,Prompt2,Open,20,9.323449807661135,0.0018110735164174948,20,372949.53723033477,622.6214772665289,,2026-04-22 17:30:41.000,,,,,
2349829,SRC15,2026-04-21 15:57:56.000,2461151.831898148,61151.33189814817,15.149615421498742,-42.66221863973579,286.5284360690954,421.97171585507783,Prompt2,Open,20,9.637989712353676,0.002103933195011481,20,279147.73652967357,541.4552775599598,,2026-04-22 17:30:41.000,,,,,
2349830,SRC12,2026-04-21 15:47:07.000,2461151.824386574,61151.32438657386,15.151357725347786,-42.704959386537695,547.7599455045457,534.0370773023636,Prompt2,Open,20,7.271040889849221,0.0006940212012947169,20,2469526.209280285,1579.0681326498122,,2026-04-22 17:30:41.000,,,,,
2349830,SRC13,2026-04-21 15:47:07.000,2461151.824386574,61151.32438657386,15.153823941603674,-42.69672515286701,500.7147891600757,699.8030174773787,Prompt2,Open,20,9.099213724597115,0.001626777176903626,20,458505.4537698278,687.5015041782327,,2026-04-22 17:30:41.000,,,,,
2349830,SRC14,2026-04-21 15:47:07.000,2461151.824386574,61151.32438657386,15.150610363904706,-42.748876029119,813.2568323774975,479.4874247729388,Prompt2,Open,20,9.270476188211603,0.001764275981019567,20,391597.14818140416,636.8462927776334,,2026-04-22 17:30:41.000,,,,,
2349830,SRC15,2026-04-21 15:47:07.000,2461151.824386574,61151.32438657386,15.149615421498742,-42.66221863973579,286.5284360690954,421.97171585507783,Prompt2,Open,20,9.613702912462678,0.0020779022248766524,20,285462.34604512155,546.8462842977038,,2026-04-22 17:30:41.000,,,,,
2349831,SRC12,2026-04-21 15:41:03.000,2461151.820173611,61151.32017361093,15.151357725347786,-42.704959386537695,547.7599455045457,534.0370773023636,Prompt2,Open,20,7.263530366991253,0.0006916191798152779,20,2486668.247632819,1584.5242443484574,,2026-04-22 17:30:41.000,,,,,
2349831,SRC13,2026-04-21 15:41:03.000,2461151.820173611,61151.32017361093,15.153823941603674,-42.69672515286701,500.7147891600757,699.8030174773787,Prompt2,Open,20,9.102372713723605,0.0016294063849911834,20,457173.3542485009,686.6128484596044,,2026-04-22 17:30:41.000,,,,,
2349831,SRC14,2026-04-21 15:41:03.000,2461151.820173611,61151.32017361093,15.150610363904706,-42.748876029119,813.2568323774975,479.4874247729388,Prompt2,Open,20,9.292042951306577,0.0017831420130782932,20,383895.3177007981,631.0025365174698,,2026-04-22 17:30:41.000,,,,,
2349831,SRC15,2026-04-21 15:41:03.000,2461151.820173611,61151.32017361093,15.149615421498742,-42.66221863973579,286.5284360690954,421.97171585507783,Prompt2,Open,20,9.630048880812726,0.0020945637282918685,20,281196.84480814065,542.9985651830973,,2026-04-22 17:30:41.000,,,,,
2349832,SRC12,2026-04-21 15:16:26.000,2461151.8030787036,61151.30307870358,15.151357725347786,-42.704959386537695,547.7599455045457,534.0370773023636,Prompt2,Open,20,7.277065266076178,0.0006965413973387428,20,2455861.6041057985,1576.0348544765943,,2026-04-22 17:30:41.000,,,,,
2349832,SRC13,2026-04-21 15:16:26.000,2461151.8030787036,61151.30307870358,15.153823941603674,-42.69672515286701,500.7147891600757,699.8030174773787,Prompt2,Open,20,9.166617406675996,0.0016813093064511108,20,430906.4878454274,667.7941883590734,,2026-04-22 17:30:41.000,,,,,
2349832,SRC14,2026-04-21 15:16:26.000,2461151.8030787036,61151.30307870358,15.150610363904706,-42.748876029119,813.2568323774975,479.4874247729388,Prompt2,Open,20,9.32756015535687,0.0018144065129686393,20,371540.30520870996,621.4112930723313,,2026-04-22 17:30:41.000,,,,,
2349832,SRC15,2026-04-21 15:16:26.000,2461151.8030787036,61151.30307870358,15.149615421498742,-42.66221863973579,286.5284360690954,421.97171585507783,Prompt2,Open,20,9.690169031615808,0.002159012113522912,20,266049.46076120087,529.5720017238111,,2026-04-22 17:30:41.000,,,,,
2349833,SRC12,2026-04-21 15:09:30.000,2461151.798263889,61151.298263888806,15.151357725347786,-42.704959386537695,547.7599455045457,534.0370773023636,Prompt2,Open,20,7.254285034333883,0.0006891526629714005,20,2507933.29966542,1592.3734887092687,,2026-04-22 17:30:41.000,,,,,
2349833,SRC13,2026-04-21 15:09:30.000,2461151.798263889,61151.298263888806,15.153823941603674,-42.69672515286701,500.7147891600757,699.8030174773787,Prompt2,Open,20,9.162279848790542,0.0016773925275755772,20,432631.41912225954,668.9042600750536,,2026-04-22 17:30:41.000,,,,,
2349833,SRC14,2026-04-21 15:09:30.000,2461151.798263889,61151.298263888806,15.150610363904706,-42.748876029119,813.2568323774975,479.4874247729388,Prompt2,Open,20,9.35733140630122,0.0018404295888763895,20,361490.95335291396,613.2823385517813,,2026-04-22 17:30:41.000,,,,,
2349833,SRC15,2026-04-21 15:09:30.000,2461151.798263889,61151.298263888806,15.149615421498742,-42.66221863973579,286.5284360690954,421.97171585507783,Prompt2,Open,20,9.691452587869334,0.0021581843942652746,20,265735.1231966158,528.7433237894209,,2026-04-22 17:30:41.000,,,,,
2349834,SRC12,2026-04-21 15:05:13.000,2461151.795289352,61151.29528935207,15.151357725347786,-42.704959386537695,547.7599455045457,534.0370773023636,Prompt2,Open,20,7.309630537315151,0.0007075405932914132,20,2383294.8840368255,1553.6254899689131,,2026-04-22 17:30:41.000,,,,,
2349834,SRC13,2026-04-21 15:05:13.000,2461151.795289352,61151.29528935207,15.153823941603674,-42.69672515286701,500.7147891600757,699.8030174773787,Prompt2,Open,20,9.199350460283231,0.0017076856758333563,20,418109.28448656906,658.1350327046314,,2026-04-22 17:30:41.000,,,,,
2349834,SRC14,2026-04-21 15:05:13.000,2461151.795289352,61151.29528935207,15.150610363904706,-42.748876029119,813.2568323774975,479.4874247729388,Prompt2,Open,20,9.418567639668513,0.0018956113933504461,20,341666.92559443595,597.0450576200775,,2026-04-22 17:30:41.000,,,,,
2349834,SRC15,2026-04-21 15:05:13.000,2461151.795289352,61151.29528935207,15.149615421498742,-42.66221863973579,286.5284360690954,421.97171585507783,Prompt2,Open,20,9.73287883506725,0.0022021021691403515,20,255786.9960628074,519.3164758431298,,2026-04-22 17:30:41.000,,,,,
2349835,SRC12,2026-04-21 14:59:19.000,2461151.7911921297,61151.29119212972,15.151357725347786,-42.704959386537695,547.7599455045457,534.0370773023636,Prompt2,Open,20,7.351729281227357,0.0007222245169546969,20,2292652.7638115697,1525.5647427834112,,2026-04-22 17:30:41.000,,,,,
2349835,SRC13,2026-04-21 14:59:19.000,2461151.7911921297,61151.29119212972,15.153823941603674,-42.69672515286701,500.7147891600757,699.8030174773787,Prompt2,Open,20,9.260817336834839,0.001760858040820569,20,395096.3894394722,641.2912362983147,,2026-04-22 17:30:41.000,,,,,
2349835,SRC14,2026-04-21 14:59:19.000,2461151.7911921297,61151.29119212972,15.150610363904706,-42.748876029119,813.2568323774975,479.4874247729388,Prompt2,Open,20,9.463195408828346,0.0019391914511109778,20,327907.86395292653,586.1868830086278,,2026-04-22 17:30:41.000,,,,,
2349835,SRC15,2026-04-21 14:59:19.000,2461151.7911921297,61151.29119212972,15.149615421498742,-42.66221863973579,286.5284360690954,421.97171585507783,Prompt2,Open,20,9.787489233092636,0.0022647510828539877,20,243239.61224869554,507.90616854286094,,2026-04-22 17:30:41.000,,,,,
2349836,SRC12,2026-04-21 14:50:56.000,2461151.7853703704,61151.28537037037,15.151357725347786,-42.704959386537695,547.7599455045457,534.0370773023636,Prompt2,Open,20,7.338066978632746,0.0007167923344622585,20,2321684.512044473,1533.2592832071489,,2026-04-22 17:30:41.000,,,,,
2349836,SRC13,2026-04-21 14:50:56.000,2461151.7853703704,61151.28537037037,15.153823941603674,-42.69672515286701,500.7147891600757,699.8030174773787,Prompt2,Open,20,9.23596566280648,0.001737172146999449,20,404244.1377035103,647.3061731968073,,2026-04-22 17:30:41.000,,,,,
2349836,SRC14,2026-04-21 14:50:56.000,2461151.7853703704,61151.28537037037,15.150610363904706,-42.748876029119,813.2568323774975,479.4874247729388,Prompt2,Open,20,9.42925652400704,0.0019046245651982408,20,338319.77714253304,594.0095511361192,,2026-04-22 17:30:41.000,,,,,
2349836,SRC15,2026-04-21 14:50:56.000,2461151.7853703704,61151.28537037037,15.149615421498742,-42.66221863973579,286.5284360690954,421.97171585507783,Prompt2,Open,20,9.768242911792413,0.0022400045036750334,20,247589.84671121882,511.3349528545231,,2026-04-22 17:30:41.000,,,,,
2349837,SRC12,2026-04-21 14:43:55.000,2461151.780497685,61151.280497685075,15.151357725347786,-42.704959386537695,547.7599455045457,534.0370773023636,Prompt2,Open,20,7.269501540802196,0.0006940222740330281,20,2473029.969141698,1581.3109569939306,,2026-04-22 17:30:41.000,,,,,
2349837,SRC13,2026-04-21 14:43:55.000,2461151.780497685,61151.280497685075,15.153823941603674,-42.69672515286701,500.7147891600757,699.8030174773787,Prompt2,Open,20,9.168659442160097,0.001682681704994842,20,430096.8073932061,667.0838882964007,,2026-04-22 17:30:41.000,,,,,
2349837,SRC14,2026-04-21 14:43:55.000,2461151.780497685,61151.280497685075,15.150610363904706,-42.748876029119,813.2568323774975,479.4874247729388,Prompt2,Open,20,9.360410188601765,0.0018430359745962516,20,360467.3387252476,612.4125358696011,,2026-04-22 17:30:41.000,,,,,
2349837,SRC15,2026-04-21 14:43:55.000,2461151.780497685,61151.280497685075,15.149615421498742,-42.66221863973579,286.5284360690954,421.97171585507783,Prompt2,Open,20,9.688784444853926,0.0021551343818886903,20,266388.9571701101,529.2944636979227,,2026-04-22 17:30:41.000,,,,,
2349838,SRC12,2026-04-21 14:33:55.000,2461151.7735532406,61151.27355324058,15.151357725347786,-42.704959386537695,547.7599455045457,534.0370773023636,Prompt2,Open,20,7.261218989208887,0.0006912100387437231,20,2491967.649090429,1586.9614104786713,,2026-04-22 17:30:41.000,,,,,
2349838,SRC13,2026-04-21 14:33:55.000,2461151.7735532406,61151.27355324058,15.153823941603674,-42.69672515286701,500.7147891600757,699.8030174773787,Prompt2,Open,20,9.163891229142926,0.001677178106580482,20,431989.81142725935,667.826806253082,,2026-04-22 17:30:41.000,,,,,
2349838,SRC14,2026-04-21 14:33:55.000,2461151.7735532406,61151.27355324058,15.150610363904706,-42.748876029119,813.2568323774975,479.4874247729388,Prompt2,Open,20,9.353995216642176,0.0018358856085886406,20,362603.43089838524,613.6495715559512,,2026-04-22 17:30:41.000,,,,,
2349838,SRC15,2026-04-21 14:33:55.000,2461151.7735532406,61151.27355324058,15.149615421498742,-42.66221863973579,286.5284360690954,421.97171585507783,Prompt2,Open,20,9.697057039537057,0.0021617665782163427,20,264366.9617113076,526.8950070233079,,2026-04-22 17:30:41.000,,,,,
2349839,SRC12,2026-04-21 14:23:20.000,2461151.766203704,61151.266203703824,15.151357725347786,-42.704959386537695,547.7599455045457,534.0370773023636,Prompt2,Open,20,7.269244468141691,0.0006937871094601284,20,2473615.5843774746,1581.1492982954542,,2026-04-22 17:30:41.000,,,,,
2349839,SRC13,2026-04-21 14:23:20.000,2461151.766203704,61151.266203703824,15.153823941603674,-42.69672515286701,500.7147891600757,699.8030174773787,Prompt2,Open,20,9.16918471946808,0.0016813514837542756,20,429888.777623999,666.2337250169928,,2026-04-22 17:30:41.000,,,,,
2349839,SRC14,2026-04-21 14:23:20.000,2461151.766203704,61151.266203703824,15.150610363904706,-42.748876029119,813.2568323774975,479.4874247729388,Prompt2,Open,20,9.335312601253907,0.0018191321731312296,20,368896.8570912273,618.5983642541717,,2026-04-22 17:30:41.000,,,,,
2349839,SRC15,2026-04-21 14:23:20.000,2461151.766203704,61151.266203703824,15.149615421498742,-42.66221863973579,286.5284360690954,421.97171585507783,Prompt2,Open,20,9.683437098083855,0.0021476577460179005,20,267704.1824705395,530.060584985681,,2026-04-22 17:30:41.000,,,,,
2349840,SRC12,2026-04-21 14:16:37.000,2461151.7615393517,61151.26153935166,15.151357725347786,-42.704959386537695,547.7599455045457,534.0370773023636,Prompt2,Open,20,7.518015232427789,0.0007873254576921693,20,1967088.5148258628,1426.9585291195438,,2026-04-22 17:30:41.000,,,,,
2349840,SRC13,2026-04-21 14:16:37.000,2461151.7615393517,61151.26153935166,15.153823941603674,-42.69672515286701,500.7147891600757,699.8030174773787,Prompt2,Open,20,9.410536453404932,0.0019044605314219294,20,344203.60478137713,604.2880677363826,,2026-04-22 17:30:41.000,,,,,
2349840,SRC14,2026-04-21 14:16:37.000,2461151.7615393517,61151.26153935166,15.150610363904706,-42.748876029119,813.2568323774975,479.4874247729388,Prompt2,Open,20,9.622723938893232,0.0021063013044322443,20,283100.3590076506,549.7407431703359,,2026-04-22 17:30:41.000,,,,,
2349840,SRC15,2026-04-21 14:16:37.000,2461151.7615393517,61151.26153935166,15.149615421498742,-42.66221863973579,286.5284360690954,421.97171585507783,Prompt2,Open,20,9.96946356781068,0.00248941396504347,20,205704.8676004724,472.1884371941621,,2026-04-22 17:30:41.000,,,,,
2349841,SRC12,2026-04-21 14:06:36.000,2461151.754583333,61151.25458333315,15.151357725347786,-42.704959386537695,547.7599455045457,534.0370773023636,Prompt2,Open,20,7.3072592631991675,0.0007063702752446792,20,2388505.7459262507,1554.4460998046702,,2026-04-22 17:30:41.000,,,,,
2349841,SRC13,2026-04-21 14:06:36.000,2461151.754583333,61151.25458333315,15.153823941603674,-42.69672515286701,500.7147891600757,699.8030174773787,Prompt2,Open,20,9.199413973918702,0.0017051067780704818,20,418084.826553001,657.1019150595541,,2026-04-22 17:30:41.000,,,,,
2349841,SRC14,2026-04-21 14:06:36.000,2461151.754583333,61151.25458333315,15.150610363904706,-42.748876029119,813.2568323774975,479.4874247729388,Prompt2,Open,20,9.39938905265854,0.0018750405859180698,20,347755.794036026,601.0848602078956,,2026-04-22 17:30:41.000,,,,,
2349841,SRC15,2026-04-21 14:06:36.000,2461151.754583333,61151.25458333315,15.149615421498742,-42.66221863973579,286.5284360690954,421.97171585507783,Prompt2,Open,20,9.746084688805555,0.0022119081821277884,20,252694.69242822903,515.325166254214,,2026-04-22 17:30:41.000,,,,,
2349842,SRC12,2026-04-21 13:00:31.000,2461151.7086921297,61151.2086921297,15.151357725347786,-42.704959386537695,547.7599455045457,534.0370773023636,Prompt2,Open,20,7.275334299646479,0.0006957425354846812,20,2459780.0554080172,1576.7384825308018,,2026-04-22 17:30:41.000,,,,,
2349842,SRC13,2026-04-21 13:00:31.000,2461151.7086921297,61151.2086921297,15.153823941603674,-42.69672515286701,500.7147891600757,699.8030174773787,Prompt2,Open,20,9.141790613707844,0.0016583051656118449,20,440873.25140917674,673.8846857803946,,2026-04-22 17:30:41.000,,,,,
2349842,SRC14,2026-04-21 13:00:31.000,2461151.7086921297,61151.2086921297,15.150610363904706,-42.748876029119,813.2568323774975,479.4874247729388,Prompt2,Open,20,9.358425761549169,0.0018382156563101636,20,361126.77629301534,611.9268743732171,,2026-04-22 17:30:41.000,,,,,
2349842,SRC15,2026-04-21 13:00:31.000,2461151.7086921297,61151.2086921297,15.149615421498742,-42.66221863973579,286.5284360690954,421.97171585507783,Prompt2,Open,20,9.68109638878225,0.0021429455717300538,20,268281.9412363771,530.0378948268901,,2026-04-22 17:30:41.000,,,,,
2349843,SRC12,2026-04-21 12:44:21.000,2461151.6974652777,61151.19746527774,15.151357725347786,-42.704959386537695,547.7599455045457,534.0370773023636,Prompt2,Open,20,7.274518816685642,0.0006954159878398889,20,2461628.259611742,1577.1823585877303,,2026-04-22 17:30:41.000,,,,,
2349843,SRC13,2026-04-21 12:44:21.000,2461151.6974652777,61151.19746527774,15.153823941603674,-42.69672515286701,500.7147891600757,699.8030174773787,Prompt2,Open,20,9.123998276242597,0.0016450741975109126,20,448157.5168691055,679.5492104553914,,2026-04-22 17:30:41.000,,,,,
2349843,SRC14,2026-04-21 12:44:21.000,2461151.6974652777,61151.19746527774,15.150610363904706,-42.748876029119,813.2568323774975,479.4874247729388,Prompt2,Open,20,9.357793601816445,0.0018383333797082546,20,361337.1001986585,612.3225119864127,,2026-04-22 17:30:41.000,,,,,
2349843,SRC15,2026-04-21 12:44:21.000,2461151.6974652777,61151.19746527774,15.149615421498742,-42.66221863973579,286.5284360690954,421.97171585507783,Prompt2,Open,20,9.677192906265198,0.0021408749747747176,20,269248.21522578417,531.4324434523238,,2026-04-22 17:30:41.000,,,,,
2349844,SRC12,2026-04-21 12:36:55.000,2461151.6923032408,61151.192303240765,15.151357725347786,-42.704959386537695,547.7599455045457,534.0370773023636,Prompt2,Open,20,7.261000139584349,0.0006909135325385361,20,2492470.0005362383,1586.600215518479,,2026-04-22 17:30:41.000,,,,,
2349844,SRC13,2026-04-21 12:36:55.000,2461151.6923032408,61151.192303240765,15.153823941603674,-42.69672515286701,500.7147891600757,699.8030174773787,Prompt2,Open,20,9.097239600438993,0.0016248506481327772,20,459339.883047263,687.9364075416881,,2026-04-22 17:30:41.000,,,,,
2349844,SRC14,2026-04-21 12:36:55.000,2461151.6923032408,61151.192303240765,15.150610363904706,-42.748876029119,813.2568323774975,479.4874247729388,Prompt2,Open,20,9.312320536028702,0.0017991491395376383,20,376792.0936302246,624.8913402483049,,2026-04-22 17:30:41.000,,,,,
2349844,SRC15,2026-04-21 12:36:55.000,2461151.6923032408,61151.192303240765,15.149615421498742,-42.66221863973579,286.5284360690954,421.97171585507783,Prompt2,Open,20,9.658820212911397,0.0021223695182896454,20,273843.1680838415,535.8251981160269,,2026-04-22 17:30:41.000,,,,,
2349845,SRC12,2026-04-21 12:26:11.000,2461151.684849537,61151.18484953698,15.151357725347786,-42.704959386537695,547.7599455045457,534.0370773023636,Prompt2,Open,20,7.264374194266047,0.0006917383324322546,20,2484736.37569852,1583.5660983323683,,2026-04-22 17:30:41.000,,,,,
2349845,SRC13,2026-04-21 12:26:11.000,2461151.684849537,61151.18484953698,15.153823941603674,-42.69672515286701,500.7147891600757,699.8030174773787,Prompt2,Open,20,9.07960416997646,0.0016105679052996224,20,466861.78660081053,693.0510111845518,,2026-04-22 17:30:41.000,,,,,
2349845,SRC14,2026-04-21 12:26:11.000,2461151.684849537,61151.18484953698,15.150610363904706,-42.748876029119,813.2568323774975,479.4874247729388,Prompt2,Open,20,9.303146841143091,0.0017909022148537837,20,379989.2051374596,627.3025348530954,,2026-04-22 17:30:41.000,,,,,
2349845,SRC15,2026-04-21 12:26:11.000,2461151.684849537,61151.18484953698,15.149615421498742,-42.66221863973579,286.5284360690954,421.97171585507783,Prompt2,Open,20,9.626363332894986,0.0020893232320597865,20,282152.99365042825,543.4804265459184,,2026-04-22 17:30:41.000,,,,,
2349846,SRC12,2026-04-21 12:18:58.000,2461151.679837963,61151.17983796308,15.151357725347786,-42.704959386537695,547.7599455045457,534.0370773023636,Prompt2,Open,20,7.290562846972401,0.0007001642905816694,20,2425519.982440349,1564.6619977374826,,2026-04-22 17:30:41.000,,,,,
2349846,SRC13,2026-04-21 12:18:58.000,2461151.679837963,61151.17983796308,15.153823941603674,-42.69672515286701,500.7147891600757,699.8030174773787,Prompt2,Open,20,9.069079211659082,0.0016022755968530071,20,471409.4790266929,696.196288781818,,2026-04-22 17:30:41.000,,,,,
2349846,SRC14,2026-04-21 12:18:58.000,2461151.679837963,61151.17983796308,15.150610363904706,-42.748876029119,813.2568323774975,479.4874247729388,Prompt2,Open,20,9.274618591516315,0.0017660111873860453,20,390105.9362745935,635.0456414216593,,2026-04-22 17:30:41.000,,,,,
2349846,SRC15,2026-04-21 12:18:58.000,2461151.679837963,61151.17983796308,15.149615421498742,-42.66221863973579,286.5284360690954,421.97171585507783,Prompt2,Open,20,9.620174778728432,0.0020812449634069665,20,283765.8208455793,544.4716601194618,,2026-04-22 17:30:41.000,,,,,
2349847,SRC12,2026-04-21 12:13:05.000,2461151.6757523147,61151.17575231474,15.151357725347786,-42.704959386537695,547.7599455045457,534.0370773023636,Prompt2,Open,20,7.347039922291403,0.0007186139968637654,20,2302576.2815105068,1524.50589996013,,2026-04-22 17:30:41.000,,,,,
2349847,SRC13,2026-04-21 12:13:05.000,2461151.6757523147,61151.17575231474,15.153823941603674,-42.69672515286701,500.7147891600757,699.8030174773787,Prompt2,Open,20,9.048616899991897,0.0015865695548242346,20,480378.1393497895,702.4822973984152,,2026-04-22 17:30:41.000,,,,,
2349847,SRC14,2026-04-21 12:13:05.000,2461151.6757523147,61151.17575231474,15.150610363904706,-42.748876029119,813.2568323774975,479.4874247729388,Prompt2,Open,20,9.244642273704667,0.0017408984377902267,20,401026.51315974357,643.5324158874523,,2026-04-22 17:30:41.000,,,,,
2349847,SRC15,2026-04-21 12:13:05.000,2461151.6757523147,61151.17575231474,15.149615421498742,-42.66221863973579,286.5284360690954,421.97171585507783,Prompt2,Open,20,9.600932269884483,0.0020618719786846076,20,288839.83465319616,549.0436890032634,,2026-04-22 17:30:41.000,,,,,
2349848,SRC12,2026-04-21 12:06:44.000,2461151.6713425927,61151.17134259269,15.151357725347786,-42.704959386537695,547.7599455045457,534.0370773023636,Prompt2,Open,20,7.324670633525326,0.0007112061777793466,20,2350508.0465306463,1540.1931647272079,,2026-04-22 17:30:41.000,,,,,
2349848,SRC13,2026-04-21 12:06:44.000,2461151.6713425927,61151.17134259269,15.153823941603674,-42.69672515286701,500.7147891600757,699.8030174773787,Prompt2,Open,20,9.053004147927128,0.0015900922918395326,20,478440.941671725,701.2040342807176,,2026-04-22 17:30:41.000,,,,,
2349848,SRC14,2026-04-21 12:06:44.000,2461151.6713425927,61151.17134259269,15.150610363904706,-42.748876029119,813.2568323774975,479.4874247729388,Prompt2,Open,20,9.25404600616794,0.0017484639845288283,20,397568.1575978762,640.7575083803619,,2026-04-22 17:30:41.000,,,,,
2349848,SRC15,2026-04-21 12:06:44.000,2461151.6713425927,61151.17134259269,15.149615421498742,-42.66221863973579,286.5284360690954,421.97171585507783,Prompt2,Open,20,9.612104548335331,0.002072778936780869,20,285882.8982814438,546.3003325361406,,2026-04-22 17:30:41.000,,,,,
2349849,SRC12,2026-04-21 11:45:41.000,2461151.6567245373,61151.15672453726,15.151357725347786,-42.704959386537695,547.7599455045457,534.0370773023636,Prompt2,Open,20,7.336672595818456,0.000713635798400262,20,2324668.106642198,1528.4667652984963,,2026-04-22 17:30:41.000,,,,,
2349849,SRC13,2026-04-21 11:45:41.000,2461151.6567245373,61151.15672453726,15.153823941603674,-42.69672515286701,500.7147891600757,699.8030174773787,Prompt2,Open,20,9.052373369144311,0.0015735689128910091,20,478718.98165591725,694.3154782100834,,2026-04-22 17:30:41.000,,,,,
2349849,SRC14,2026-04-21 11:45:41.000,2461151.6567245373,61151.15672453726,15.150610363904706,-42.748876029119,813.2568323774975,479.4874247729388,Prompt2,Open,20,9.247919982410817,0.0017231057427769484,20,399817.68729438225,635.0300535899923,,2026-04-22 17:30:41.000,,,,,
2349849,SRC15,2026-04-21 11:45:41.000,2461151.6567245373,61151.15672453726,15.149615421498742,-42.66221863973579,286.5284360690954,421.97171585507783,Prompt2,Open,20,9.61302046783447,0.0020389606574759463,20,285641.83115547296,536.9256981214188,,2026-04-22 17:30:41.000,,,,,
2349850,SRC12,2026-04-21 11:39:13.000,2461151.652233796,61151.152233796194,15.151357725347786,-42.704959386537695,547.7599455045457,534.0370773023636,Prompt2,Open,20,7.350914716612657,0.0007182937503737173,20,2294373.452986009,1518.3977219757523,,2026-04-22 17:30:41.000,,,,,
2349850,SRC13,2026-04-21 11:39:13.000,2461151.652233796,61151.152233796194,15.153823941603674,-42.69672515286701,500.7147891600757,699.8030174773787,Prompt2,Open,20,9.047778552596611,0.0015700054449304902,20,480749.2048821031,695.6798944316396,,2026-04-22 17:30:41.000,,,,,
2349850,SRC14,2026-04-21 11:39:13.000,2461151.652233796,61151.152233796194,15.150610363904706,-42.748876029119,813.2568323774975,479.4874247729388,Prompt2,Open,20,9.250892432986806,0.0017248354680383124,20,398724.5921366976,633.9301234559215,,2026-04-22 17:30:41.000,,,,,
2349850,SRC15,2026-04-21 11:39:13.000,2461151.652233796,61151.152233796194,15.149615421498742,-42.66221863973579,286.5284360690954,421.97171585507783,Prompt2,Open,20,9.615288993576607,0.0020408675079396773,20,285045.63719232957,536.3065821725338,,2026-04-22 17:30:41.000,,,,,
2349851,SRC12,2026-04-21 11:32:40.000,2461151.647685185,61151.147685185075,15.151357725347786,-42.704959386537695,547.7599455045457,534.0370773023636,Prompt2,Open,20,7.373002248091563,0.0007256442427407194,20,2248169.7319444274,1503.0508284446332,,2026-04-22 17:30:41.000,,,,,
2349851,SRC13,2026-04-21 11:32:40.000,2461151.647685185,61151.147685185075,15.153823941603674,-42.69672515286701,500.7147891600757,699.8030174773787,Prompt2,Open,20,9.046706594984084,0.001569283215447098,20,481224.0875034693,696.0465125574382,,2026-04-22 17:30:41.000,,,,,
2349851,SRC14,2026-04-21 11:32:40.000,2461151.647685185,61151.147685185075,15.150610363904706,-42.748876029119,813.2568323774975,479.4874247729388,Prompt2,Open,20,9.241459601501509,0.0017168216033059717,20,402203.786656837,636.4882844129099,,2026-04-22 17:30:41.000,,,,,
2349851,SRC15,2026-04-21 11:32:40.000,2461151.647685185,61151.147685185075,15.149615421498742,-42.66221863973579,286.5284360690954,421.97171585507783,Prompt2,Open,20,9.612088156385042,0.00203826799434539,20,285887.2144437049,537.2042199766679,,2026-04-22 17:30:41.000,,,,,
2349852,SRC12,2026-04-21 11:25:35.000,2461151.6427662037,61151.14276620373,15.151357725347786,-42.704959386537695,547.7599455045457,534.0370773023636,Prompt2,Open,20,7.353600230709025,0.000719170759563878,20,2288705.447873833,1516.4966204153604,,2026-04-22 17:30:41.000,,,,,
2349852,SRC13,2026-04-21 11:25:35.000,2461151.6427662037,61151.14276620373,15.153823941603674,-42.69672515286701,500.7147891600757,699.8030174773787,Prompt2,Open,20,9.059155816561857,0.0015784695466345166,20,475737.81002234697,692.1421357135702,,2026-04-22 17:30:41.000,,,,,
2349852,SRC14,2026-04-21 11:25:35.000,2461151.6427662037,61151.14276620373,15.150610363904706,-42.748876029119,813.2568323774975,479.4874247729388,Prompt2,Open,20,9.25588514347326,0.0017281823706917086,20,396895.2837465141,632.2471366618846,,2026-04-22 17:30:41.000,,,,,
2349852,SRC15,2026-04-21 11:25:35.000,2461151.6427662037,61151.14276620373,15.149615421498742,-42.66221863973579,286.5284360690954,421.97171585507783,Prompt2,Open,20,9.620196565314483,0.00204487466848097,20,283760.1268045954,534.93717971462,,2026-04-22 17:30:41.000,,,,,
2349853,SRC12,2026-04-21 11:17:54.000,2461151.6374305557,61151.13743055565,15.151357725347786,-42.704959386537695,547.7599455045457,534.0370773023636,Prompt2,Open,20,7.3488406884830315,0.0007175962667523561,20,2298760.4698417145,1519.8232994157859,,2026-04-22 17:30:41.000,,,,,
2349853,SRC13,2026-04-21 11:17:54.000,2461151.6374305557,61151.13743055565,15.153823941603674,-42.69672515286701,500.7147891600757,699.8030174773787,Prompt2,Open,20,9.0640189820547,0.0015814978253678022,20,473611.67849329015,690.3717629676867,,2026-04-22 17:30:41.000,,,,,
2349853,SRC14,2026-04-21 11:17:54.000,2461151.6374305557,61151.13743055565,15.150610363904706,-42.748876029119,813.2568323774975,479.4874247729388,Prompt2,Open,20,9.264411203616872,0.001735068869122997,20,393790.7533668032,629.8033580304404,,2026-04-22 17:30:41.000,,,,,
2349853,SRC15,2026-04-21 11:17:54.000,2461151.6374305557,61151.13743055565,15.149615421498742,-42.66221863973579,286.5284360690954,421.97171585507783,Prompt2,Open,20,9.622114314934453,0.0020472269587218385,20,283259.36008151196,534.607997508254,,2026-04-22 17:30:41.000,,,,,
2349854,SRC12,2026-04-21 11:11:07.000,2461151.6327199074,61151.132719907444,15.151357725347786,-42.704959386537695,547.7599455045457,534.0370773023636,Prompt2,Open,20,7.338968148817122,0.0007142742319266958,20,2319758.293866101,1526.6035279520004,,2026-04-22 17:30:41.000,,,,,
2349854,SRC13,2026-04-21 11:11:07.000,2461151.6327199074,61151.132719907444,15.153823941603674,-42.69672515286701,500.7147891600757,699.8030174773787,Prompt2,Open,20,9.074671449593282,0.0015893895855998536,20,468987.6601237493,687.0453040258482,,2026-04-22 17:30:41.000,,,,,
2349854,SRC14,2026-04-21 11:11:07.000,2461151.6327199074,61151.132719907444,15.150610363904706,-42.748876029119,813.2568323774975,479.4874247729388,Prompt2,Open,20,9.26713785105588,0.0017369196713991207,20,392803.05356799247,628.8943590567607,,2026-04-22 17:30:41.000,,,,,
2349854,SRC15,2026-04-21 11:11:07.000,2461151.6327199074,61151.132719907444,15.149615421498742,-42.66221863973579,286.5284360690954,421.97171585507783,Prompt2,Open,20,9.628737643378063,0.002053657764589254,20,281536.64978605945,533.0273409305056,,2026-04-22 17:30:41.000,,,,,
2349855,SRC12,2026-04-21 11:03:35.000,2461151.627488426,61151.12748842593,15.151357725347786,-42.704959386537695,547.7599455045457,534.0370773023636,Prompt2,Open,20,7.33296334528265,0.0007124857449547982,20,2332623.5587711795,1531.2250388539508,,2026-04-22 17:30:41.000,,,,,
2349855,SRC13,2026-04-21 11:03:35.000,2461151.627488426,61151.12748842593,15.153823941603674,-42.69672515286701,500.7147891600757,699.8030174773787,Prompt2,Open,20,9.086944635336033,0.0015992802701588597,20,463716.06463244907,683.553161646257,,2026-04-22 17:30:41.000,,,,,
2349855,SRC14,2026-04-21 11:03:35.000,2461151.627488426,61151.12748842593,15.150610363904706,-42.748876029119,813.2568323774975,479.4874247729388,Prompt2,Open,20,9.287566112597299,0.0017545708017489357,20,385481.5092018139,623.449225774554,,2026-04-22 17:30:41.000,,,,,
2349855,SRC15,2026-04-21 11:03:35.000,2461151.627488426,61151.12748842593,15.149615421498742,-42.66221863973579,286.5284360690954,421.97171585507783,Prompt2,Open,20,9.640525966819165,0.0020658047486909054,20,278496.4149563383,530.3930037988274,,2026-04-22 17:30:41.000,,,,,
2349856,SRC12,2026-04-21 10:56:57.000,2461151.6228819443,61151.12288194429,15.151357725347786,-42.704959386537695,547.7599455045457,534.0370773023636,Prompt2,Open,20,7.342733076090859,0.000715670696099047,20,2311728.1700860453,1524.2942879486218,,2026-04-22 17:30:41.000,,,,,
2349856,SRC13,2026-04-21 10:56:57.000,2461151.6228819443,61151.12288194429,15.153823941603674,-42.69672515286701,500.7147891600757,699.8030174773787,Prompt2,Open,20,9.082343165730883,0.0015960491555684366,20,465685.5148077385,685.0683774466985,,2026-04-22 17:30:41.000,,,,,
2349856,SRC14,2026-04-21 10:56:57.000,2461151.6228819443,61151.12288194429,15.150610363904706,-42.748876029119,813.2568323774975,479.4874247729388,Prompt2,Open,20,9.279108095688883,0.0017479962296410966,20,388496.1840750351,625.9686382601575,,2026-04-22 17:30:41.000,,,,,
2349856,SRC15,2026-04-21 10:56:57.000,2461151.6228819443,61151.12288194429,15.149615421498742,-42.66221863973579,286.5284360690954,421.97171585507783,Prompt2,Open,20,9.642376716808732,0.0020681854663994353,20,278022.0933073728,530.1004509061679,,2026-04-22 17:30:41.000,,,,,
2349857,SRC12,2026-04-21 10:50:13.000,2461151.6182060186,61151.11820601858,15.151357725347786,-42.704959386537695,547.7599455045457,534.0370773023636,Prompt2,Open,20,7.332553233588261,0.0007123393959798247,20,2333504.81970012,1531.4887877434198,,2026-04-22 17:30:41.000,,,,,
2349857,SRC13,2026-04-21 10:50:13.000,2461151.6182060186,61151.11820601858,15.153823941603674,-42.69672515286701,500.7147891600757,699.8030174773787,Prompt2,Open,20,9.085603939440439,0.0015984340256069186,20,464289.02722419094,684.0353431327794,,2026-04-22 17:30:41.000,,,,,
2349857,SRC14,2026-04-21 10:50:13.000,2461151.6182060186,61151.11820601858,15.150610363904706,-42.748876029119,813.2568323774975,479.4874247729388,Prompt2,Open,20,9.282927110618404,0.0017507865830299523,20,387132.0714937587,624.7672350967883,,2026-04-22 17:30:41.000,,,,,
2349857,SRC15,2026-04-21 10:50:13.000,2461151.6182060186,61151.11820601858,15.149615421498742,-42.66221863973579,286.5284360690954,421.97171585507783,Prompt2,Open,20,9.638179327114266,0.0020641379555726347,20,279098.98996551684,531.111319541812,,2026-04-22 17:30:41.000,,,,,
2349858,SRC12,2026-04-21 10:43:37.000,2461151.613622685,61151.11362268496,15.151357725347786,-42.704959386537695,547.7599455045457,534.0370773023636,Prompt2,Open,20,7.353584467984362,0.0007192556877420566,20,2288738.675554302,1516.6977848419892,,2026-04-22 17:30:41.000,,,,,
2349858,SRC13,2026-04-21 10:43:37.000,2461151.613622685,61151.11362268496,15.153823941603674,-42.69672515286701,500.7147891600757,699.8030174773787,Prompt2,Open,20,9.075283761947974,0.0015907842800656912,20,468723.24416612857,687.2609329117186,,2026-04-22 17:30:41.000,,,,,
2349858,SRC14,2026-04-21 10:43:37.000,2461151.613622685,61151.11362268496,15.150610363904706,-42.748876029119,813.2568323774975,479.4874247729388,Prompt2,Open,20,9.279112419238405,0.0017475018669467265,20,388494.6370333706,625.7889693257534,,2026-04-22 17:30:41.000,,,,,
2349858,SRC15,2026-04-21 10:43:37.000,2461151.613622685,61151.11362268496,15.149615421498742,-42.66221863973579,286.5284360690954,421.97171585507783,Prompt2,Open,20,9.640696442761687,0.0020666198471315654,20,278452.69051246304,530.5191730691854,,2026-04-22 17:30:41.000,,,,,
2349859,SRC12,2026-04-21 10:38:04.000,2461151.6097685187,61151.10976851871,15.151357725347786,-42.704959386537695,547.7599455045457,534.0370773023636,Prompt2,Open,20,7.362669089336965,0.0007222757168275629,20,2269668.1324342773,1510.3775338426985,,2026-04-22 17:30:41.000,,,,,
2349859,SRC13,2026-04-21 10:38:04.000,2461151.6097685187,61151.10976851871,15.153823941603674,-42.69672515286701,500.7147891600757,699.8030174773787,Prompt2,Open,20,9.089373137846358,0.0016010269806374599,20,462680.01450538967,682.771392128437,,2026-04-22 17:30:41.000,,,,,
2349859,SRC14,2026-04-21 10:38:04.000,2461151.6097685187,61151.10976851871,15.150610363904706,-42.748876029119,813.2568323774975,479.4874247729388,Prompt2,Open,20,9.289988767570982,0.0017566510793805422,20,384622.3248522667,622.7977761339625,,2026-04-22 17:30:41.000,,,,,
2349859,SRC15,2026-04-21 10:38:04.000,2461151.6097685187,61151.10976851871,15.149615421498742,-42.66221863973579,286.5284360690954,421.97171585507783,Prompt2,Open,20,9.649480180041184,0.0020744388156367626,20,276209.0623997373,528.2374497805638,,2026-04-22 17:30:41.000,,,,,
2349860,SRC12,2026-04-21 10:29:35.000,2461151.603877315,61151.10387731483,15.151357725347786,-42.704959386537695,547.7599455045457,534.0370773023636,Prompt2,Open,20,7.372757430503647,0.0007256792607367273,20,2248676.7183982776,1503.4623571059444,,2026-04-22 17:30:41.000,,,,,
2349860,SRC13,2026-04-21 10:29:35.000,2461151.603877315,61151.10387731483,15.153823941603674,-42.69672515286701,500.7147891600757,699.8030174773787,Prompt2,Open,20,9.085424366674985,0.0015989852153515916,20,464365.82355768076,684.3845763216829,,2026-04-22 17:30:41.000,,,,,
2349860,SRC14,2026-04-21 10:29:35.000,2461151.603877315,61151.10387731483,15.150610363904706,-42.748876029119,813.2568323774975,479.4874247729388,Prompt2,Open,20,9.280521253554411,0.0017499451809204996,20,387990.85938694276,625.8520144258066,,2026-04-22 17:30:41.000,,,,,
2349860,SRC15,2026-04-21 10:29:35.000,2461151.603877315,61151.10387731483,15.149615421498742,-42.66221863973579,286.5284360690954,421.97171585507783,Prompt2,Open,20,9.638303742256948,0.0020657337980249523,20,279067.00968241185,531.4614232552777,,2026-04-22 17:30:41.000,,,,,
2349861,SRC12,2026-04-21 10:21:51.000,2461151.5985069443,61151.098506944254,15.151357725347786,-42.704959386537695,547.7599455045457,534.0370773023636,Prompt2,Open,20,7.397993144861868,0.0007342005412085715,20,2197013.5616113497,1486.1750512520348,,2026-04-22 17:30:41.000,,,,,
2349861,SRC13,2026-04-21 10:21:51.000,2461151.5985069443,61151.098506944254,15.153823941603674,-42.69672515286701,500.7147891600757,699.8030174773787,Prompt2,Open,20,9.072432919620567,0.0015899247760221493,20,469955.59868642985,688.6952833764713,,2026-04-22 17:30:41.000,,,,,
2349861,SRC14,2026-04-21 10:21:51.000,2461151.5985069443,61151.098506944254,15.150610363904706,-42.748876029119,813.2568323774975,479.4874247729388,Prompt2,Open,20,9.271031892042657,0.0017429723539474102,20,391396.77137284627,628.8282710443074,,2026-04-22 17:30:41.000,,,,,
2349861,SRC15,2026-04-21 10:21:51.000,2461151.5985069443,61151.098506944254,15.149615421498742,-42.66221863973579,286.5284360690954,421.97171585507783,Prompt2,Open,20,9.638225247440484,0.002068062806685747,20,279087.1859512575,532.0996570281687,,2026-04-22 17:30:41.000,,,,,
2349862,SRC12,2026-04-21 10:15:09.000,2461151.5938541666,61151.09385416657,15.151357725347786,-42.704959386537695,547.7599455045457,534.0370773023636,Prompt2,Open,20,7.399523601245166,0.0007347824474751931,20,2193918.827659576,1485.2582496379716,,2026-04-22 17:30:41.000,,,,,
2349862,SRC13,2026-04-21 10:15:09.000,2461151.5938541666,61151.09385416657,15.153823941603674,-42.69672515286701,500.7147891600757,699.8030174773787,Prompt2,Open,20,9.081733482318059,0.0015976521044997664,20,465947.0889027695,686.1421012484658,,2026-04-22 17:30:41.000,,,,,
2349862,SRC14,2026-04-21 10:15:09.000,2461151.5938541666,61151.09385416657,15.150610363904706,-42.748876029119,813.2568323774975,479.4874247729388,Prompt2,Open,20,9.264102828666507,0.0017387106841188762,20,393902.6152079847,631.3056200856461,,2026-04-22 17:30:41.000,,,,,
2349862,SRC15,2026-04-21 10:15:09.000,2461151.5938541666,61151.09385416657,15.149615421498742,-42.66221863973579,286.5284360690954,421.97171585507783,Prompt2,Open,20,9.640615162097143,0.002071627744104991,20,278473.53689008433,531.8457840340559,,2026-04-22 17:30:41.000,,,,,
2349863,SRC12,2026-04-21 10:09:08.000,2461151.589675926,61151.08967592614,15.151357725347786,-42.704959386537695,547.7599455045457,534.0370773023636,Prompt2,Open,20,7.404741263851049,0.0007365289503865283,20,2183400.9258262604,1481.6523234156484,,2026-04-22 17:30:41.000,,,,,
2349863,SRC13,2026-04-21 10:09:08.000,2461151.589675926,61151.08967592614,15.153823941603674,-42.69672515286701,500.7147891600757,699.8030174773787,Prompt2,Open,20,9.083756475759085,0.0015993430156124905,20,465079.72324744455,685.5902162786348,,2026-04-22 17:30:41.000,,,,,
2349863,SRC14,2026-04-21 10:09:08.000,2461151.589675926,61151.08967592614,15.150610363904706,-42.748876029119,813.2568323774975,479.4874247729388,Prompt2,Open,20,9.265835466060627,0.0017401861681197199,20,393274.51961525675,630.834280213336,,2026-04-22 17:30:41.000,,,,,
2349863,SRC15,2026-04-21 10:09:08.000,2461151.589675926,61151.08967592614,15.149615421498742,-42.66221863973579,286.5284360690954,421.97171585507783,Prompt2,Open,20,9.644597018154437,0.002075516004244142,20,277454.1265382711,530.8943755424542,,2026-04-22 17:30:41.000,,,,,
2349864,SRC12,2026-04-21 10:02:26.000,2461151.585023148,61151.085023147985,15.151357725347786,-42.704959386537695,547.7599455045457,534.0370773023636,Prompt2,Open,20,7.416105661369452,0.0007403471431848561,20,2160666.4633816867,1473.8283082145797,,2026-04-22 17:30:41.000,,,,,
2349864,SRC13,2026-04-21 10:02:26.000,2461151.585023148,61151.085023147985,15.153823941603674,-42.69672515286701,500.7147891600757,699.8030174773787,Prompt2,Open,20,9.087560732796105,0.0016018232848826817,20,463453.0051106737,684.2524941277238,,2026-04-22 17:30:41.000,,,,,
2349864,SRC14,2026-04-21 10:02:26.000,2461151.585023148,61151.085023147985,15.150610363904706,-42.748876029119,813.2568323774975,479.4874247729388,Prompt2,Open,20,9.275290409314515,0.0017473897653763678,20,389864.6262367817,627.9554361983053,,2026-04-22 17:30:41.000,,,,,
2349864,SRC15,2026-04-21 10:02:26.000,2461151.585023148,61151.085023147985,15.149615421498742,-42.66221863973579,286.5284360690954,421.97171585507783,Prompt2,Open,20,9.639827259650698,0.0020697549473898485,20,278675.694293097,531.7502686059692,,2026-04-22 17:30:41.000,,,,,
2349865,SRC12,2026-04-21 09:55:47.000,2461151.580405093,61151.0804050928,15.151357725347786,-42.704959386537695,547.7599455045457,534.0370773023636,Prompt2,Open,20,7.403394230899096,0.0007361118284591737,20,2186111.4720911738,1482.651257997929,,2026-04-22 17:30:41.000,,,,,
2349865,SRC13,2026-04-21 09:55:47.000,2461151.580405093,61151.0804050928,15.153823941603674,-42.69672515286701,500.7147891600757,699.8030174773787,Prompt2,Open,20,9.092514694649134,0.0016066682618322225,20,461343.19375748216,683.1992576948402,,2026-04-22 17:30:41.000,,,,,
2349865,SRC14,2026-04-21 09:55:47.000,2461151.580405093,61151.0804050928,15.150610363904706,-42.748876029119,813.2568323774975,479.4874247729388,Prompt2,Open,20,9.28783011876017,0.0017585538225543295,20,385387.7874288896,624.7137305123679,,2026-04-22 17:30:41.000,,,,,
2349865,SRC15,2026-04-21 09:55:47.000,2461151.580405093,61151.0804050928,15.149615421498742,-42.66221863973579,286.5284360690954,421.97171585507783,Prompt2,Open,20,9.655264664677649,0.002086774835984924,20,274741.41444966994,528.5582095236088,,2026-04-22 17:30:41.000,,,,,
2349866,SRC12,2026-04-21 09:44:08.000,2461151.5723148147,61151.072314814664,15.151357725347786,-42.704959386537695,547.7599455045457,534.0370773023636,Prompt2,Open,20,7.373418203613172,0.0007265205788185891,20,2247308.6024157368,1504.2902018048576,,2026-04-22 17:30:41.000,,,,,
2349866,SRC13,2026-04-21 09:44:08.000,2461151.5723148147,61151.072314814664,15.153823941603674,-42.69672515286701,500.7147891600757,699.8030174773787,Prompt2,Open,20,9.149486158714268,0.0016524430549943578,20,437759.4521374678,666.7580148449113,,2026-04-22 17:30:41.000,,,,,
2349866,SRC14,2026-04-21 09:44:08.000,2461151.5723148147,61151.072314814664,15.150610363904706,-42.748876029119,813.2568323774975,479.4874247729388,Prompt2,Open,20,9.33890494975785,0.001804990909822249,20,367678.3141850106,611.7581488988012,,2026-04-22 17:30:41.000,,,,,
2349866,SRC15,2026-04-21 09:44:08.000,2461151.5723148147,61151.072314814664,15.149615421498742,-42.66221863973579,286.5284360690954,421.97171585507783,Prompt2,Open,20,9.699044415806812,0.0021348507594792275,20,263883.496148166,519.376708534752,,2026-04-22 17:30:41.000,,,,,
2349867,SRC12,2026-04-21 09:36:18.000,2461151.566875,61151.06687500002,15.151357725347786,-42.704959386537695,547.7599455045457,534.0370773023636,Prompt2,Open,20,7.414863468335099,0.0007403697417307716,20,2163139.9010078427,1475.560537562598,,2026-04-22 17:30:41.000,,,,,
2349867,SRC13,2026-04-21 09:36:18.000,2461151.566875,61151.06687500002,15.153823941603674,-42.69672515286701,500.7147891600757,699.8030174773787,Prompt2,Open,20,9.117930880768013,0.0016280490897612977,20,450668.95632361097,676.2798843341509,,2026-04-22 17:30:41.000,,,,,
2349867,SRC14,2026-04-21 09:36:18.000,2461151.566875,61151.06687500002,15.150610363904706,-42.748876029119,813.2568323774975,479.4874247729388,Prompt2,Open,20,9.316135320702317,0.001785665682333741,20,375470.54010694945,618.0290393061241,,2026-04-22 17:30:41.000,,,,,
2349867,SRC15,2026-04-21 09:36:18.000,2461151.566875,61151.06687500002,15.149615421498742,-42.66221863973579,286.5284360690954,421.97171585507783,Prompt2,Open,20,9.679971842989586,0.0021165218881988826,20,268559.9568543553,524.0383563058158,,2026-04-22 17:30:41.000,,,,,
2349868,SRC12,2026-04-21 09:31:12.000,2461151.5633333335,61151.06333333347,15.151357725347786,-42.704959386537695,547.7599455045457,534.0370773023636,Prompt2,Open,20,7.39495518939477,0.00073361349132471,20,2203169.5466240705,1489.1472382819027,,2026-04-22 17:30:41.000,,,,,
2349868,SRC13,2026-04-21 09:31:12.000,2461151.5633333335,61151.06333333347,15.153823941603674,-42.69672515286701,500.7147891600757,699.8030174773787,Prompt2,Open,20,9.130621513894106,0.0016382643301423505,20,445431.97580604744,672.618393925635,,2026-04-22 17:30:41.000,,,,,
2349868,SRC14,2026-04-21 09:31:12.000,2461151.5633333335,61151.06333333347,15.150610363904706,-42.748876029119,813.2568323774975,479.4874247729388,Prompt2,Open,20,9.330917460785052,0.0017984114193461118,20,370393.20547716203,614.027009160137,,2026-04-22 17:30:41.000,,,,,
2349868,SRC15,2026-04-21 09:31:12.000,2461151.5633333335,61151.06333333347,15.149615421498742,-42.66221863973579,286.5284360690954,421.97171585507783,Prompt2,Open,20,9.681517526446124,0.0021186391575453247,20,268177.89964674873,523.8168404621796,,2026-04-22 17:30:41.000,,,,,
2349869,SRC12,2026-04-21 09:24:49.000,2461151.558900463,61151.05890046293,15.151357725347786,-42.704959386537695,547.7599455045457,534.0370773023636,Prompt2,Open,20,7.391939940602041,0.0007327288399051533,20,2209296.5757030137,1491.4872288656052,,2026-04-22 17:30:41.000,,,,,
2349869,SRC13,2026-04-21 09:24:49.000,2461151.558900463,61151.05890046293,15.153823941603674,-42.69672515286701,500.7147891600757,699.8030174773787,Prompt2,Open,20,9.146224120895269,0.0016509544964364443,20,439076.65533080406,668.1613705508423,,2026-04-22 17:30:41.000,,,,,
2349869,SRC14,2026-04-21 09:24:49.000,2461151.558900463,61151.05890046293,15.150610363904706,-42.748876029119,813.2568323774975,479.4874247729388,Prompt2,Open,20,9.344366032286837,0.0018109615312914855,20,365833.59324833896,610.7039521004798,,2026-04-22 17:30:41.000,,,,,
2349869,SRC15,2026-04-21 09:24:49.000,2461151.558900463,61151.05890046293,15.149615421498742,-42.66221863973579,286.5284360690954,421.97171585507783,Prompt2,Open,20,9.705514612388487,0.00214447587663461,20,262315.61915071344,518.6208369448728,,2026-04-22 17:30:41.000,,,,,
2349870,SRC12,2026-04-21 09:15:47.000,2461151.552627315,61151.05262731481,15.151357725347786,-42.704959386537695,547.7599455045457,534.0370773023636,Prompt2,Open,20,7.391826582993398,0.0007330414251832956,20,2209527.2520401804,1492.279513680283,,2026-04-22 17:30:41.000,,,,,
2349870,SRC13,2026-04-21 09:15:47.000,2461151.552627315,61151.05262731481,15.153823941603674,-42.69672515286701,500.7147891600757,699.8030174773787,Prompt2,Open,20,9.168386566473965,0.0016697372218858937,20,430204.91626019333,662.1146053557175,,2026-04-22 17:30:41.000,,,,,
2349870,SRC14,2026-04-21 09:15:47.000,2461151.552627315,61151.05262731481,15.150610363904706,-42.748876029119,813.2568323774975,479.4874247729388,Prompt2,Open,20,9.371310665267355,0.001835892134170119,20,356866.45731759205,603.9427899119369,,2026-04-22 17:30:41.000,,,,,
2349870,SRC15,2026-04-21 09:15:47.000,2461151.552627315,61151.05262731481,15.149615421498742,-42.66221863973579,286.5284360690954,421.97171585507783,Prompt2,Open,20,9.717927032893288,0.0021595744820635775,20,259333.8350702614,516.3391270096818,,2026-04-22 17:30:41.000,,,,,
2349811,SRC12,2026-04-22 17:30:41.000,2461152.8963078703,61152.39630787028,15.151357725347786,-42.704959386537695,547.7599455045457,534.0370773023636,Prompt2,Open,20,7.278411247072681,0.0006970867668265033,20,2452818.972802126,1575.315115009013,,2026-04-22 17:30:41.000,,,,,
2349811,SRC13,2026-04-22 17:30:41.000,2461152.8963078703,61152.39630787028,15.153823941603674,-42.69672515286701,500.7147891600757,699.8030174773787,Prompt2,Open,20,9.09195402704495,0.0016289313861914249,20,461581.49011233356,693.0310346957178,,2026-04-22 17:30:41.000,,,,,
2349811,SRC14,2026-04-22 17:30:41.000,2461152.8963078703,61152.39630787028,15.150610363904706,-42.748876029119,813.2568323774975,479.4874247729388,Prompt2,Open,20,9.288285784231611,0.0017890244150143338,20,385226.0805037922,635.2804395274844,,2026-04-22 17:30:41.000,,,,,
2349811,SRC15,2026-04-22 17:30:41.000,2461152.8963078703,61152.39630787028,15.149615421498742,-42.66221863973579,286.5284360690954,421.97171585507783,Prompt2,Open,20,9.615846044057491,0.002097420699714031,20,284899.4284887057,550.8994763180222,,2026-04-22 17:30:41.000,,,,,
2349812,SRC12,2026-04-22 17:26:43.000,2461152.8935532407,61152.39355324069,15.151357725347786,-42.704959386537695,547.7599455045457,534.0370773023636,Prompt2,Open,20,7.270648651800899,0.0006946591381710903,20,2470418.522832587,1581.0911486767598,,2026-04-22 17:30:41.000,,,,,
2349812,SRC13,2026-04-22 17:26:43.000,2461152.8935532407,61152.39355324069,15.153823941603674,-42.69672515286701,500.7147891600757,699.8030174773787,Prompt2,Open,20,9.105540464816766,0.0016396341222717637,20,455841.44619943807,688.9130405421917,,2026-04-22 17:30:41.000,,,,,
2349812,SRC14,2026-04-22 17:26:43.000,2461152.8935532407,61152.39355324069,15.150610363904706,-42.748876029119,813.2568323774975,479.4874247729388,Prompt2,Open,20,9.301863109552372,0.0018014430078358917,20,380438.75507278764,631.7442492074389,,2026-04-22 17:30:41.000,,,,,
2349812,SRC15,2026-04-22 17:26:43.000,2461152.8935532407,61152.39355324069,15.149615421498742,-42.66221863973579,286.5284360690954,421.97171585507783,Prompt2,Open,20,9.629616736188776,0.002111339247116534,20,281308.7890268788,547.5696117375684,,2026-04-22 17:30:41.000,,,,,
2349813,SRC12,2026-04-22 17:20:48.000,2461152.8894444443,61152.38944444433,15.151357725347786,-42.704959386537695,547.7599455045457,534.0370773023636,Prompt2,Open,20,7.275345816307986,0.0006963440366432685,20,2459753.964075781,1578.0853428412383,,2026-04-22 17:30:41.000,,,,,
2349813,SRC13,2026-04-22 17:20:48.000,2461152.8894444443,61152.38944444433,15.153823941603674,-42.69672515286701,500.7147891600757,699.8030174773787,Prompt2,Open,20,9.145149282357462,0.0016710407793825112,20,439511.5401444911,676.9666312163175,,2026-04-22 17:30:41.000,,,,,
2349813,SRC14,2026-04-22 17:20:48.000,2461152.8894444443,61152.38944444433,15.150610363904706,-42.748876029119,813.2568323774975,479.4874247729388,Prompt2,Open,20,9.342888611054574,0.0018371950948333506,20,366331.7420805726,620.4017287658944,,2026-04-22 17:30:41.000,,,,,
2349813,SRC15,2026-04-22 17:20:48.000,2461152.8894444443,61152.38944444433,15.149615421498742,-42.66221863973579,286.5284360690954,421.97171585507783,Prompt2,Open,20,9.677191597849768,0.0021600504466967475,20,269248.53969569673,536.1977808223627,,2026-04-22 17:30:41.000,,,,,
2349814,SRC12,2026-04-22 17:14:49.000,2461152.885289352,61152.38528935192,15.151357725347786,-42.704959386537695,547.7599455045457,534.0370773023636,Prompt2,Open,20,7.2873587311873145,0.0006999304321300459,20,2432688.5060374136,1568.7619726956896,,2026-04-22 17:30:41.000,,,,,
2349814,SRC13,2026-04-22 17:14:49.000,2461152.885289352,61152.38528935192,15.153823941603674,-42.69672515286701,500.7147891600757,699.8030174773787,Prompt2,Open,20,9.08153101786583,0.001620312519503567,20,466033.9852576549,696.0110890697225,,2026-04-22 17:30:41.000,,,,,
2349814,SRC14,2026-04-22 17:14:49.000,2461152.885289352,61152.38528935192,15.150610363904706,-42.748876029119,813.2568323774975,479.4874247729388,Prompt2,Open,20,9.280212851913351,0.0017821186045367428,20,388101.08322679315,637.5490625050421,,2026-04-22 17:30:41.000,,,,,
2349814,SRC15,2026-04-22 17:14:49.000,2461152.885289352,61152.38528935192,15.149615421498742,-42.66221863973579,286.5284360690954,421.97171585507783,Prompt2,Open,20,9.615136192402813,0.0020946998087064675,20,285085.75593644154,550.543955848827,,2026-04-22 17:30:41.000,,,,,
2349815,SRC12,2026-04-22 17:08:45.000,2461152.881076389,61152.38107638899,15.151357725347786,-42.704959386537695,547.7599455045457,534.0370773023636,Prompt2,Open,20,7.291500636968362,0.0007011482276881955,20,2423425.8767933655,1565.508747677209,,2026-04-22 17:30:41.000,,,,,
2349815,SRC13,2026-04-22 17:08:45.000,2461152.881076389,61152.38107638899,15.153823941603674,-42.69672515286701,500.7147891600757,699.8030174773787,Prompt2,Open,20,9.080322149288257,0.0016187593879834492,20,466553.16071445873,696.1180712355435,,2026-04-22 17:30:41.000,,,,,
2349815,SRC14,2026-04-22 17:08:45.000,2461152.881076389,61152.38107638899,15.150610363904706,-42.748876029119,813.2568323774975,479.4874247729388,Prompt2,Open,20,9.278203463852376,0.0017799636387549529,20,388820.0127061885,637.9570807999733,,2026-04-22 17:30:41.000,,,,,
2349815,SRC15,2026-04-22 17:08:45.000,2461152.881076389,61152.38107638899,15.149615421498742,-42.66221863973579,286.5284360690954,421.97171585507783,Prompt2,Open,20,9.605274946391344,0.0020836190992327783,20,287686.8540498832,552.6253682130231,,2026-04-22 17:30:41.000,,,,,
2349816,SRC12,2026-04-22 16:41:55.000,2461152.8624421298,61152.36244212976,15.151357725347786,-42.704959386537695,547.7599455045457,534.0370773023636,Prompt2,Open,20,7.250103607400435,0.0006880285301400729,20,2517610.5667644576,1595.9096213359962,,2026-04-22 17:30:41.000,,,,,
2349816,SRC13,2026-04-22 16:41:55.000,2461152.8624421298,61152.36244212976,15.153823941603674,-42.69672515286701,500.7147891600757,699.8030174773787,Prompt2,Open,20,9.12593620767524,0.0016548204228678423,20,447358.31361514004,682.3592305742941,,2026-04-22 17:30:41.000,,,,,
2349816,SRC14,2026-04-22 16:41:55.000,2461152.8624421298,61152.36244212976,15.150610363904706,-42.748876029119,813.2568323774975,479.4874247729388,Prompt2,Open,20,9.322084881507102,0.0018174888932681163,20,373418.6831268569,625.6148330829337,,2026-04-22 17:30:41.000,,,,,
2349816,SRC15,2026-04-22 16:41:55.000,2461152.8624421298,61152.36244212976,15.149615421498742,-42.66221863973579,286.5284360690954,421.97171585507783,Prompt2,Open,20,9.652308164575613,0.002131630957225435,20,275490.5650680549,541.4032077490682,,2026-04-22 17:30:41.000,,,,,
2349817,SRC12,2026-04-21 17:35:01.000,2461151.8993171295,61151.399317129515,15.151357725347786,-42.704959386537695,547.7599455045457,534.0370773023636,Prompt2,Open,20,7.3275611676171195,0.0007127641994339847,20,2344258.657803824,1539.464388949982,,2026-04-22 17:30:41.000,,,,,
2349817,SRC13,2026-04-21 17:35:01.000,2461151.8993171295,61151.399317129515,15.153823941603674,-42.69672515286701,500.7147891600757,699.8030174773787,Prompt2,Open,20,9.111542404926773,0.0016421415368652308,20,453328.5108693543,686.1637488530541,,2026-04-22 17:30:41.000,,,,,
2349817,SRC14,2026-04-21 17:35:01.000,2461151.8993171295,61151.399317129515,15.150610363904706,-42.748876029119,813.2568323774975,479.4874247729388,Prompt2,Open,20,9.308078228589395,0.0018039578444132588,20,378267.21698026574,629.015880945577,,2026-04-22 17:30:41.000,,,,,
2349817,SRC15,2026-04-21 17:35:01.000,2461151.8993171295,61151.399317129515,15.149615421498742,-42.66221863973579,286.5284360690954,421.97171585507783,Prompt2,Open,20,9.63626303419713,0.0021128687520999474,20,279592.02655912767,544.6225566048013,,2026-04-22 17:30:41.000,,,,,
2349818,SRC12,2026-04-21 17:23:52.000,2461151.891574074,61151.39157407405,15.151357725347786,-42.704959386537695,547.7599455045457,534.0370773023636,Prompt2,Open,20,7.296967222923325,0.0007026846412909623,20,2411254.8072572947,1561.060706460228,,2026-04-22 17:30:41.000,,,,,
2349818,SRC13,2026-04-21 17:23:52.000,2461151.891574074,61151.39157407405,15.153823941603674,-42.69672515286701,500.7147891600757,699.8030174773787,Prompt2,Open,20,9.120443597999369,0.00164847240150464,20,449627.1799715869,683.1870936411593,,2026-04-22 17:30:41.000,,,,,
2349818,SRC14,2026-04-21 17:23:52.000,2461151.891574074,61151.39157407405,15.150610363904706,-42.748876029119,813.2568323774975,479.4874247729388,Prompt2,Open,20,9.316284845056304,0.001810698493255008,20,375418.83498370857,626.6139626351173,,2026-04-22 17:30:41.000,,,,,
2349818,SRC15,2026-04-21 17:23:52.000,2461151.891574074,61151.39157407405,15.149615421498742,-42.66221863973579,286.5284360690954,421.97171585507783,Prompt2,Open,20,9.639561640495245,0.0021147055355217616,20,278743.8790487108,543.442915297642,,2026-04-22 17:30:41.000,,,,,
2349819,SRC12,2026-04-21 17:15:08.000,2461151.885509259,61151.38550925907,15.151357725347786,-42.704959386537695,547.7599455045457,534.0370773023636,Prompt2,Open,20,7.312737825669352,0.0007076882961337499,20,2376483.839679511,1549.5090032461126,,2026-04-22 17:30:41.000,,,,,
2349819,SRC13,2026-04-21 17:15:08.000,2461151.885509259,61151.38550925907,15.153823941603674,-42.69672515286701,500.7147891600757,699.8030174773787,Prompt2,Open,20,9.093927664707419,0.0016270154230694548,20,460743.19521769794,690.9581174274406,,2026-04-22 17:30:41.000,,,,,
2349819,SRC14,2026-04-21 17:15:08.000,2461151.885509259,61151.38550925907,15.150610363904706,-42.748876029119,813.2568323774975,479.4874247729388,Prompt2,Open,20,9.297316319466194,0.001792678605245723,20,382035.27745564794,631.3063655142139,,2026-04-22 17:30:41.000,,,,,
2349819,SRC15,2026-04-21 17:15:08.000,2461151.885509259,61151.38550925907,15.149615421498742,-42.66221863973579,286.5284360690954,421.97171585507783,Prompt2,Open,20,9.630057970781733,0.0021028456671111197,20,281194.4905899679,545.1431060764273,,2026-04-22 17:30:41.000,,,,,
2349820,SRC12,2026-04-21 17:10:11.000,2461151.882071759,61151.382071759086,15.151357725347786,-42.704959386537695,547.7599455045457,534.0370773023636,Prompt2,Open,20,7.293783202164075,0.0007014432111918155,20,2418336.4112465316,1562.8784660900499,,2026-04-22 17:30:41.000,,,,,
2349820,SRC13,2026-04-21 17:10:11.000,2461151.882071759,61151.382071759086,15.153823941603674,-42.69672515286701,500.7147891600757,699.8030174773787,Prompt2,Open,20,9.087188042540637,0.0016209740268803713,20,463612.117486437,692.6769722639664,,2026-04-22 17:30:41.000,,,,,
2349820,SRC14,2026-04-21 17:10:11.000,2461151.882071759,61151.382071759086,15.150610363904706,-42.748876029119,813.2568323774975,479.4874247729388,Prompt2,Open,20,9.283283297570701,0.001779757129551605,20,387005.0896576505,634.9055128861621,,2026-04-22 17:30:41.000,,,,,
2349820,SRC15,2026-04-21 17:10:11.000,2461151.882071759,61151.382071759086,15.149615421498742,-42.66221863973579,286.5284360690954,421.97171585507783,Prompt2,Open,20,9.623717520322812,0.00209484865988684,20,282841.4060565174,546.2486264639333,,2026-04-22 17:30:41.000,,,,,
2349821,SRC12,2026-04-21 17:02:26.000,2461151.876689815,61151.37668981496,15.151357725347786,-42.704959386537695,547.7599455045457,534.0370773023636,Prompt2,Open,20,7.305123521120967,0.0007052407424715413,20,2393208.778568106,1555.0154809819044,,2026-04-22 17:30:41.000,,,,,
2349821,SRC13,2026-04-21 17:02:26.000,2461151.876689815,61151.37668981496,15.153823941603674,-42.69672515286701,500.7147891600757,699.8030174773787,Prompt2,Open,20,9.109900473882401,0.0016381428032445876,20,454014.58659804973,685.5275518661624,,2026-04-22 17:30:41.000,,,,,
2349821,SRC14,2026-04-21 17:02:26.000,2461151.876689815,61151.37668981496,15.150610363904706,-42.748876029119,813.2568323774975,479.4874247729388,Prompt2,Open,20,9.278211990479432,0.0017746748424320624,20,388816.9591926305,636.0549776208883,,2026-04-22 17:30:41.000,,,,,
2349821,SRC15,2026-04-21 17:02:26.000,2461151.876689815,61151.37668981496,15.149615421498742,-42.66221863973579,286.5284360690954,421.97171585507783,Prompt2,Open,20,9.615476005168818,0.00208700320875067,20,284996.5440078146,548.3474875265888,,2026-04-22 17:30:41.000,,,,,
2349822,SRC12,2026-04-21 16:57:47.000,2461151.873460648,61151.373460648116,15.151357725347786,-42.704959386537695,547.7599455045457,534.0370773023636,Prompt2,Open,20,7.3108942271278075,0.0007068985195253638,20,2380522.5776102417,1550.4095839193153,,2026-04-22 17:30:41.000,,,,,
2349822,SRC13,2026-04-21 16:57:47.000,2461151.873460648,61151.373460648116,15.153823941603674,-42.69672515286701,500.7147891600757,699.8030174773787,Prompt2,Open,20,9.080398380515316,0.001614478360768037,20,466520.40444158827,694.2269796807019,,2026-04-22 17:30:41.000,,,,,
2349822,SRC14,2026-04-21 16:57:47.000,2461151.873460648,61151.373460648116,15.150610363904706,-42.748876029119,813.2568323774975,479.4874247729388,Prompt2,Open,20,9.28008674195716,0.0017754181827799045,20,388146.1643919302,635.2238187253288,,2026-04-22 17:30:41.000,,,,,
2349822,SRC15,2026-04-21 16:57:47.000,2461151.873460648,61151.373460648116,15.149615421498742,-42.66221863973579,286.5284360690954,421.97171585507783,Prompt2,Open,20,9.613502076775758,0.0020830799454626173,20,285515.15475581994,548.3116398486918,,2026-04-22 17:30:41.000,,,,,
2349823,SRC12,2026-04-21 16:51:35.000,2461151.8691550926,61151.36915509263,15.151357725347786,-42.704959386537695,547.7599455045457,534.0370773023636,Prompt2,Open,20,7.2861093006300415,0.0006988606151518234,20,2435489.5776780904,1568.1669665899192,,2026-04-22 17:30:41.000,,,,,
2349823,SRC13,2026-04-21 16:51:35.000,2461151.8691550926,61151.36915509263,15.153823941603674,-42.69672515286701,500.7147891600757,699.8030174773787,Prompt2,Open,20,9.08673689001166,0.001619135039688017,20,463804.8007921261,692.1781063215249,,2026-04-22 17:30:41.000,,,,,
2349823,SRC14,2026-04-21 16:51:35.000,2461151.8691550926,61151.36915509263,15.150610363904706,-42.748876029119,813.2568323774975,479.4874247729388,Prompt2,Open,20,9.28491985578908,0.0017792457470607172,20,386422.18631537893,633.7669206515544,,2026-04-22 17:30:41.000,,,,,
2349823,SRC15,2026-04-21 16:51:35.000,2461151.8691550926,61151.36915509263,15.149615421498742,-42.66221863973579,286.5284360690954,421.97171585507783,Prompt2,Open,20,9.61549402135021,0.002084366592506513,20,284991.81495225674,547.6449799238985,,2026-04-22 17:30:41.000,,,,,